URL,Version,Status,OIDs,Name,Title,Description,Used
http://fhir.de/CodeSystem/bfarm/alpha-id,null,active,,AlphaId,Alpha-ID,"Alpha-ID Platzhalter-CodeSystem","ValueSet/mii-vs-kardio-klappenvitium-alphaid,ValueSet/mii-vs-diagnose-alphaid"
http://fhir.de/CodeSystem/bfarm/icd-10-gm,null,active,,ICD10GM,ICD-10-GM,"ICD-10-GM Platzhalter-CodeSystem","ValueSet/mii-vs-kardio-klappenvitium-icd,ValueSet/mii-vs-diagnose-icd10gm"
http://fhir.de/CodeSystem/bfarm/ops,null,active,,OPS,OPS,"OPS Platzhalter-CodeSystem","ValueSet/mii-vs-kardio-kardiale-deviceimplantation-ops,ValueSet/mii-vs-prozedur-ops"
http://fhir.de/CodeSystem/icd-10-gm-mehrfachcodierungs-kennzeichen,1.6.0,active,,MehrfachkodierungsKennzeichen,Mehrfachkodierungs-Kennzeichen,"Dieses CodeSystem enthält Zusatzkennzeichen für postkoordinierte ICD-10-GM-Codes. Es dient der semantisch korrekten Kennzeichnung von Ätiologie-, Manifestations- und Zusatzinformationsbezügen.","ValueSet/icd-10-gm-mehrfachcodierungs-kennzeichen"
http://hl7.org/fhir/composition-status,4.0.1,draft,"2.16.840.1.113883.4.642.4.242",CompositionStatus,CompositionStatus,"The workflow/clinical status of the composition.","ValueSet/composition-status"
http://hl7.org/fhir/device-nametype,4.0.1,draft,"2.16.840.1.113883.4.642.4.1084",DeviceNameType,DeviceNameType,"The type of name the device is referred by.","ValueSet/device-nametype"
http://hl7.org/fhir/device-status,4.0.1,draft,"2.16.840.1.113883.4.642.4.210",FHIRDeviceStatus,FHIRDeviceStatus,"The availability status of the device.","ValueSet/device-status"
http://hl7.org/fhir/document-reference-status,4.0.1,draft,"2.16.840.1.113883.4.642.4.8",DocumentReferenceStatus,DocumentReferenceStatus,"The status of the document reference.","ValueSet/document-reference-status"
http://hl7.org/fhir/document-relationship-type,4.0.1,draft,"2.16.840.1.113883.4.642.4.245",DocumentRelationshipType,DocumentRelationshipType,"The type of relationship between documents.","ValueSet/document-relationship-type"
http://hl7.org/fhir/event-status,4.0.1,draft,"2.16.840.1.113883.4.642.4.110",EventStatus,EventStatus,"Codes identifying the lifecycle stage of an event.","ValueSet/event-status"
http://hl7.org/fhir/metric-calibration-state,4.0.1,draft,"2.16.840.1.113883.4.642.4.653",DeviceMetricCalibrationState,DeviceMetricCalibrationState,"Describes the state of a metric calibration.","ValueSet/metric-calibration-state"
http://hl7.org/fhir/metric-calibration-type,4.0.1,draft,"2.16.840.1.113883.4.642.4.651",DeviceMetricCalibrationType,DeviceMetricCalibrationType,"Describes the type of a metric calibration.","ValueSet/metric-calibration-type"
http://hl7.org/fhir/metric-category,4.0.1,draft,"2.16.840.1.113883.4.642.4.649",DeviceMetricCategory,DeviceMetricCategory,"Describes the category of the metric.","ValueSet/metric-category"
http://hl7.org/fhir/metric-color,4.0.1,draft,"2.16.840.1.113883.4.642.4.655",DeviceMetricColor,DeviceMetricColor,"Describes the typical color of representation.","ValueSet/metric-color"
http://hl7.org/fhir/metric-operational-status,4.0.1,draft,"2.16.840.1.113883.4.642.4.647",DeviceMetricOperationalStatus,DeviceMetricOperationalStatus,"Describes the operational status of the DeviceMetric.","ValueSet/metric-operational-status"
http://hl7.org/fhir/observation-status,4.0.1,active,"2.16.840.1.113883.4.642.4.401",ObservationStatus,ObservationStatus,"Codes providing the status of an observation.","ValueSet/observation-status"
http://hl7.org/fhir/quantity-comparator,4.0.1,active,"2.16.840.1.113883.4.642.4.60",QuantityComparator,QuantityComparator,"How the Quantity should be understood and represented.","ValueSet/quantity-comparator"
http://hl7.org/fhir/resource-types,4.0.1,active,,ResourceType,ResourceType,"One of the resource types defined as part of this version of FHIR.","ValueSet/resource-types"
http://hl7.org/fhir/udi-entry-type,4.0.1,draft,"2.16.840.1.113883.4.642.4.212",UDIEntryType,UDIEntryType,"Codes to identify how UDI data was entered.","ValueSet/udi-entry-type"
http://loinc.org,3.1.0,active,"2.16.840.1.113883.6.1",LOINC,Logical Observation Identifiers, Names and Codes (LOINC),"LOINC provides a set of universal names and ID codes for identifying laboratory and clinical test results.1,2 LOINC facilitates the exchange and pooling of results, such as blood hemoglobin, serum potassium, or vital signs, for clinical care, outcomes management, and research. LOINC's universal identifiers (names and codes) can be used in the context of order and observation exchanges between information systems that use syntax standards such as HL73, CEN TC251, ISO TC215, ASTM4, and DICOM. Specifically, the identifier can be used as the coded value for an observation in any other standard that uses the observation/observation value paradigm, whether messages, documents, application programming interface (API), etc. For example, LOINC codes are used widely in the OBX segment Observation Identifier field (OBX-3) of an ORU HL7 (HL7 version 2.x or ASTM 1238-9410) message that may be sent between a Clinical Laboratory Information Management Systems (LIMS) and Electronic Health Record Systems (EHR).5, 6 In this way, LOINC codes provide universal identifiers that allow the exchange of clinical data between heterogeneous computing environments.","ValueSet/c80-doc-typecodes,ValueSet/current-smoking-status-uv-ips,ValueSet/observation-codes,ValueSet/document-classcodes"
http://snomed.info/sct,null,active,"2.16.840.1.113883.6.96",SNOMED_CT,SNOMED CT (all versions),"SNOMED CT is the most comprehensive and precise clinical health terminology product in the world, owned and distributed around the world by The International Health Terminology Standards Development Organisation (IHTSDO).","ValueSet/device-type,ValueSet/condition-stage,ValueSet/mii-vs-kardio-gewichtsveraenderung-snomedct,ValueSet/mii-vs-kardio-klappenvitium-grad-snomedct,ValueSet/mii-vs-diagnose-bodystructure-snomed,ValueSet/mii-vs-kardio-ekg-prozedur-snomedct,ValueSet/mii-vs-kardio-allergene-snomedct,ValueSet/lebensphase-de,ValueSet/mii-vs-kardio-extended-mii-diagnosecodes-snomed,ValueSet/mii-vs-kardio-nyha-klassen-snomedct,ValueSet/procedure-followup,ValueSet/mii-vs-prozedur-opskategorien-snomedct,ValueSet/mii-vs-prozedur-prozeduren-snomedct,ValueSet/device-action,ValueSet/mii-vs-diagnose-diagnosecodes-snomed,ValueSet/body-site,ValueSet/mii-vs-kardio-geraetetyp-snomedct,ValueSet/manifestation-or-symptom,ValueSet/procedure-code,ValueSet/mii-vs-kardio-kardiale-deviceimplantation-scnomedct,ValueSet/device-kind,ValueSet/performer-role,ValueSet/c80-facilitycodes,ValueSet/c80-practice-codes,ValueSet/referencerange-appliesto,ValueSet/mii-vs-kardio-ethnie-snomedct,ValueSet/mii-vs-kardio-kardiale-deviceimplantation-koerperstelle-snomedct,ValueSet/procedure-outcome,ValueSet/procedure-reason,ValueSet/mii-vs-kardio-atherosklerotisches-ereignis-snomedct,ValueSet/procedure-category,ValueSet/mii-vs-kardio-klappenvitium-snomedct,ValueSet/condition-code,ValueSet/condition-stage-type,ValueSet/procedure-not-performed-reason,ValueSet/observation-methods,ValueSet/mii-vs-kardio-extended-condition-severity-snomedct,ValueSet/mii-vs-prozedur-durchfuehrungsabsicht-snomedct"
http://terminology.hl7.org/CodeSystem/common-tags,1.0.1,active,"2.16.840.1.113883.4.642.1.1067",CommonTags,Common Tags,"Common Tag Codes defined by FHIR project","ValueSet/common-tags"
http://terminology.hl7.org/CodeSystem/condition-category,2.0.0,active,"2.16.840.1.113883.4.642.1.1073",ConditionCategoryCodes,Condition Category Codes,"Preferred value set for Condition Categories.","ValueSet/condition-category"
http://terminology.hl7.org/CodeSystem/condition-clinical,3.0.0,active,"2.16.840.1.113883.4.642.1.1074",ConditionClinicalStatusCodes,Condition Clinical Status Codes,"Preferred value set for Condition Clinical Status.","ValueSet/condition-clinical"
http://terminology.hl7.org/CodeSystem/condition-ver-status,2.0.1,active,"2.16.840.1.113883.4.642.1.1075",ConditionVerificationStatus,ConditionVerificationStatus,"The verification status to support or decline the clinical status of the condition or diagnosis.","ValueSet/condition-ver-status"
http://terminology.hl7.org/CodeSystem/data-absent-reason,1.0.0,active,"2.16.840.1.113883.4.642.4.1048",DataAbsentReason,DataAbsentReason,"Used to specify why the normally expected content of the data element is missing.","ValueSet/mii-vs-kardio-kardiale-deviceimplantation-ops,ValueSet/data-absent-reason,ValueSet/mii-vs-kardio-geraetetyp-snomedct"
http://terminology.hl7.org/CodeSystem/device-status-reason,2.0.0,active,"2.16.840.1.113883.4.642.1.1082",FHIRDeviceStatusReason,FHIRDeviceStatusReason,"The availability status reason of the device.","ValueSet/device-status-reason"
http://terminology.hl7.org/CodeSystem/observation-category,2.0.0,active,"2.16.840.1.113883.4.642.1.1125",ObservationCategoryCodes,Observation Category Codes,"Observation Category codes.","ValueSet/observation-category"
http://terminology.hl7.org/CodeSystem/referencerange-meaning,1.0.1,active,"2.16.840.1.113883.4.642.1.1124",ObservationReferenceRangeMeaningCodes,Observation Reference Range Meaning Codes,"This value set defines a set of codes that can be used to indicate the meaning/use of a reference range for a particular target population.","ValueSet/referencerange-meaning"
http://terminology.hl7.org/CodeSystem/v2-0532,3.0.0,active,"2.16.840.1.113883.18.347",ExpandedYesNoIndicator,expandedYes-NoIndicator,"HL7-defined code system of concepts used to specify an expansion on the original Yes/No indicator table by including ""flavors of null"".  It is intended to be applied to fields where the response is not limited to ""yes"" or ""no"".  Used in numerous locations in HL7 Version 2.x messaging.","ValueSet/mii-vs-kardio-nein-unbekannt,ValueSet/v2-0532"
http://terminology.hl7.org/CodeSystem/v3-ActCode,10.0.0,active,"2.16.840.1.113883.5.4",ActCode,ActCode,"A code specifying the particular kind of Act that the Act-instance represents within its class.    *Constraints:* The kind of Act (e.g. physical examination, serum potassium, inpatient encounter, charge financial transaction, etc.) is specified with a code from one of several, typically external, coding systems. The coding system will depend on the class of Act, such as LOINC for observations, etc.    Conceptually, the Act.code must be a specialization of the Act.classCode. This is why the structure of ActClass domain should be reflected in the superstructure of the ActCode domain and then individual codes or externally referenced vocabularies subordinated under these domains that reflect the ActClass structure.    Act.classCode and Act.code are not modifiers of each other but the Act.code concept should really imply the Act.classCode concept. For a negative example, it is not appropriate to use an Act.code ""potassium"" together with and Act.classCode for ""laboratory observation"" to somehow mean ""potassium laboratory observation"" and then use the same Act.code for ""potassium"" together with Act.classCode for ""medication"" to mean ""substitution of potassium"". This mutually modifying use of Act.code and Act.classCode is not permitted.","ValueSet/v3-ActCode"
http://terminology.hl7.org/CodeSystem/v3-ObservationInterpretation,4.0.0,active,"2.16.840.1.113883.5.83",ObservationInterpretation,ObservationInterpretation,"One or more codes providing a rough qualitative interpretation of the observation, such as ""normal"" / ""abnormal"", ""low"" / ""high"", ""better"" / ""worse"", ""resistant"" / ""susceptible"", ""expected"" / ""not expected"". The value set is intended to be for ANY use where coded representation of an interpretation is needed.","ValueSet/observation-interpretation"
https://www.medizininformatik-initiative.de/fhir/ext/modul-kardio/CodeSystem/mii-cs-kardio-atherosklerotisches-ereignis,2027.0.0-ballot.rc1,active,,MII_CS_Kardio_Atherosklerotisches_Ereignis,MII CS Kardio Atherosklerotisches Ereignis,"Code für ein unbestimmtes atherosklerotisches Ereignis","ValueSet/mii-vs-kardio-atherosklerotisches-ereignis-snomedct"
https://www.medizininformatik-initiative.de/fhir/ext/modul-kardio/CodeSystem/mii-cs-kardio-lebensmittelpunkt,2027.0.0-ballot.rc1,draft,,MII_CS_Kardio_Lebensmittelpunkt,MII CS Kardio Lebensmittelpunkt,"Lebensmittelpunkt des Patienten","ValueSet/mii-vs-kardio-lebensmittelpunkt-m49"
https://www.medizininformatik-initiative.de/fhir/ext/modul-kardio/CodeSystem/mii-cs-kardio-modifizierte-rankin-skala,2027.0.0-ballot.rc1,active,,MII_CS_Kardio_Modifizierte_Rankin_Skala,MII CS Kardio Modifizierte Rankin Skala,"Beeinträchtigung des Patienten nach Schlaganfall","ValueSet/mii-vs-kardio-modifizierte-rankin-skala"
urn:ietf:bcp:13,6.0.0,active,,MimeTypeCS,MIME Types (Fragment),"Fragment des CodeSystems urn:ietf:bcp:13 mit den in ISiK relevanten MIME-Typen.","ValueSet/mimetypes"
urn:ietf:bcp:47,2.0.1,active,,Ietf3066,Tags for the Identification of Languages,"Older value from OID registry.  Superceded; see recommendations in BCP-47.","ValueSet/languages"
urn:iso:std:iso:11073:10101,20250520,active,"2.16.840.1.113883.6.24",Mdc,ISO/IEEE 11073 Medical Device Communication Nomenclature,"The nomenclature relates primarily to vital signs monitoring, but also includes semantics of other medical devices that are commonly used in acute care settings. There are multiple coding partitions each of which has a systematic name consisting of a set of base concepts and differentiating criteria.","ValueSet/devicemetric-type,ValueSet/mii-vs-kardio-objekte-geraete-mdc,ValueSet/mii-vs-kardio-geraeteprogrammierung-mdc,ValueSet/mii-vs-kardio-ekg-kanaele-mdc,ValueSet/mii-vs-kardio-metriken-ekg-annotationen-mdc"
