Source File	Size	loadResources	load	generateSnapshots	load-configure	scan	loadDepInfo	loadInfo	checkR4R4B	generateNarratives	validate	loadLists	checkConformanceResources	checkConformanceResources2	checkConformanceResources3	generateLogicalMaps	validateExpressions	scanForUsageStats	checkURLsUnique	processProvenanceDetails	translate	generate1	generate2	responsesForQuestionnaire	generateLogicals	makeDependencies	generateExampleZip	generateValidationPack	scanProfilesForR5	scanExamplesForR5
/fsh-generated/resources/ImplementationGuide-mii-kerndatensatzmodul-kardiologie.json	34799	-	0	0	0	0	0	0	20	50	0	0	0	0	0	0	0	0	0	0	0	219	416	0	0	0	0	4	0	3
fsh-generated/resources/CodeSystem-mii-cs-kardio-acribis-questionnaire-answer.json	1686	4	0	0	1	0	0	0	0	8	0	0	0	0	0	0	0	1	0	0	0	34	136	0	0	0	0	1	0	0
fsh-generated/resources/CodeSystem-mii-cs-kardio-atherosklerotisches-ereignis.json	1002	1	0	0	0	0	0	0	0	4	0	0	0	0	0	0	0	0	0	0	0	18	85	0	0	0	0	0	0	0
fsh-generated/resources/CodeSystem-mii-cs-kardio-lebensmittelpunkt.json	1047	1	0	0	0	0	0	0	0	3	0	0	0	0	0	0	0	0	0	0	0	20	58	0	0	0	0	0	0	0
fsh-generated/resources/CodeSystem-mii-cs-kardio-modifizierte-rankin-skala.json	2586	1	0	0	0	0	0	0	1	4	0	0	0	0	0	0	0	0	0	0	0	27	64	0	0	0	0	0	0	0
fsh-generated/resources/CodeSystem-mii-cs-kardio-supplement-snomedct.json	1704	1	0	0	1	0	0	0	0	3	0	0	0	0	0	0	0	0	0	0	0	26	51	0	0	0	0	1	0	1
fsh-generated/resources/Condition-mii-exa-kardio-diagnose-myokardinfarkt.json	1539	2	0	0	0	0	0	0	0	12	0	0	0	0	0	0	0	0	0	0	0	19	17	0	0	0	0	0	0	0
fsh-generated/resources/Condition-mii-exa-kardio-embolischer-gefaessverschluss.json	1426	1	0	0	0	0	0	0	1	2	0	0	0	0	0	0	0	0	0	0	0	21	8	0	0	0	0	0	0	0
fsh-generated/resources/Condition-mii-exa-kardio-hoehergradiges-vitium.json	2904	2	0	0	0	0	0	0	1	740	0	0	0	0	0	0	0	0	0	0	0	23	14	0	0	0	0	0	0	0
fsh-generated/resources/Device-mii-exa-kardio-device-icd.json	607	1	0	0	0	0	0	0	0	2	0	0	0	0	0	0	0	0	0	0	0	20	11	0	0	0	0	0	0	0
fsh-generated/resources/Device-mii-exa-kardio-ekg-geraet-mortara.json	877	1	0	0	0	0	0	0	0	4	0	0	0	0	0	0	0	0	0	0	0	17	26	0	0	0	0	0	0	0
fsh-generated/resources/Device-mii-exa-kardio-ekg-kanal-i.json	1112	1	0	0	0	0	0	0	1	1	0	0	0	0	0	0	0	0	0	0	0	16	20	0	0	0	0	0	0	0
fsh-generated/resources/Device-mii-exa-kardio-ekg-kanal-ii.json	1114	1	0	0	0	0	0	0	0	2	0	0	0	0	0	0	0	0	0	0	0	14	18	0	0	0	0	0	0	0
fsh-generated/resources/Device-mii-exa-kardio-ekg-kanal-iii.json	1116	1	0	0	0	0	0	0	0	2	0	0	0	0	0	0	0	0	0	0	0	15	17	0	0	0	0	0	0	0
fsh-generated/resources/DeviceDefinition-mii-exa-kardio-ekg-geraetedefinition-mortara.json	1048	1	0	0	0	0	0	0	0	1529	0	0	0	0	0	0	0	0	0	0	0	16	13	0	0	0	0	0	0	0
fsh-generated/resources/DeviceMetric-mii-exa-kardio-nbg-schrittmachermodus.json	651	1	0	0	0	0	0	0	0	2	0	0	0	0	0	0	0	0	0	0	0	15	25	0	0	0	0	0	0	0
fsh-generated/resources/DocumentReference-mii-exa-kardio-ekg-referenz.json	839	1	0	0	0	0	0	0	0	5	0	0	0	0	0	0	0	0	0	0	0	19	20	0	0	0	0	0	0	0
fsh-generated/resources/Observation-mii-exa-kardio-anzahl-kh-aufenthalte-wg-hf.json	1415	1	0	0	0	0	0	0	1	2	0	0	0	0	0	0	0	0	0	0	0	17	13	0	0	0	0	0	0	0
fsh-generated/resources/Observation-mii-exa-kardio-anzahl-kh-aufenthalte-wg-hf2.json	1587	2	0	0	0	0	0	0	0	2	0	0	0	0	0	0	0	0	0	0	0	17	8	0	0	0	0	0	0	0
fsh-generated/resources/Observation-mii-exa-kardio-atherosklerotisches-erstereignis.json	1650	1	0	0	0	0	0	0	0	1	0	0	0	0	0	0	0	0	0	0	0	20	7	0	0	0	0	0	0	0
fsh-generated/resources/Observation-mii-exa-kardio-ekg-rr-interval.json	1250	1	0	0	0	0	0	0	0	514	0	0	0	0	0	0	0	0	0	0	0	17	26	0	0	0	0	0	0	0
fsh-generated/resources/Observation-mii-exa-kardio-geraeteprogrammierung-vvi.json	1095	1	0	0	0	0	0	0	0	2	0	0	0	0	0	0	0	0	0	0	0	16	20	0	0	0	0	0	0	0
fsh-generated/resources/Observation-mii-exa-kardio-herzinsuffizienz-unbekannt.json	1546	1	0	0	0	0	0	0	0	2	0	0	0	0	0	0	0	0	0	0	0	15	8	0	0	0	0	0	0	0
fsh-generated/resources/Observation-mii-exa-kardio-hoehergradiges-vitium-nein.json	3057	1	0	0	0	0	0	0	1	2	0	0	0	0	0	0	0	0	0	0	0	20	10	0	0	0	0	0	0	0
fsh-generated/resources/Observation-mii-exa-kardio-kein-device.json	1488	2	0	0	0	0	0	0	0	1	0	0	0	0	0	0	0	0	0	0	0	16	8	0	0	0	0	0	0	0
fsh-generated/resources/Observation-mii-exa-kardio-lvef.json	3203	1	0	0	0	0	0	0	0	1923	0	0	0	0	0	0	0	0	0	0	0	20	18	0	0	0	0	0	0	0
fsh-generated/resources/Observation-mii-exa-kardio-mrs.json	1822	1	0	0	0	0	0	0	1	2	0	0	0	0	0	0	0	0	0	0	0	16	11	0	0	0	0	0	0	0
fsh-generated/resources/Observation-mii-exa-kardio-pci-nein.json	1545	1	0	0	1	0	0	0	0	1	0	0	0	0	0	0	0	0	0	0	0	14	8	0	0	0	0	0	0	0
fsh-generated/resources/Observation-mii-exa-kardio-raucherstatus.json	4523	2	0	0	0	0	0	0	0	58165	0	0	0	0	0	0	0	1	0	0	0	22	22	0	0	0	0	0	0	0
fsh-generated/resources/Observation-mii-exa-kardio-score-nyha-ii.json	1815	1	0	0	0	0	0	0	1	2	0	0	0	0	0	0	0	0	0	0	0	15	37	0	0	0	0	0	0	0
fsh-generated/resources/PractitionerRole-mii-exa-kardio-rolle-kardiologe.json	714	1	0	0	0	0	0	0	0	1	0	0	0	0	0	0	0	0	0	0	0	17	8	0	0	0	0	0	0	1
fsh-generated/resources/Procedure-mii-exa-kardio-ekg-durchfuehrung.json	1847	2	0	0	0	0	0	0	0	2	0	0	0	0	0	0	0	0	0	0	0	21	27	0	0	0	0	0	0	0
fsh-generated/resources/Procedure-mii-exa-kardio-kardiale-deviceimplantation-icd.json	2160	1	0	0	0	0	0	1	0	2	0	0	0	0	0	0	0	0	0	0	0	22	19	0	0	0	0	0	0	0
fsh-generated/resources/Questionnaire-mii-qn-kardio-acribis-study-followup.json	78870	13	0	0	0	0	0	0	7	1405	0	0	0	0	0	0	0	0	0	0	0	349	306	0	0	0	0	7	0	1
fsh-generated/resources/QuestionnaireResponse-mii-exa-kardio-questionnaireresponse-andere.json	26422	6	0	0	0	0	0	0	2	17	0	0	0	0	0	0	0	0	0	0	0	181	74	1	0	0	0	0	0	1
fsh-generated/resources/QuestionnaireResponse-mii-exa-kardio-questionnaireresponse-angehoerige.json	15285	4	0	0	0	0	0	0	1	6	0	0	0	0	0	0	0	0	0	0	0	110	31	0	0	0	0	0	0	0
fsh-generated/resources/QuestionnaireResponse-mii-exa-kardio-questionnaireresponse-arzt.json	23307	5	0	0	0	0	0	0	2	8	0	0	0	0	0	0	0	1	0	0	0	139	43	0	0	0	0	0	0	0
fsh-generated/resources/QuestionnaireResponse-mii-exa-kardio-questionnaireresponse-patient.json	13198	4	0	0	0	0	0	0	1	5	0	0	0	0	0	0	0	0	0	0	0	90	28	1	0	0	0	0	0	0
fsh-generated/resources/StructureDefinition-mii-pr-kardio-anzahl-kh-aufenthalte-wg-hf.json	5880	3	0	68	0	0	0	0	0	61	0	0	0	0	0	0	0	1	0	0	0	292	2870	0	0	0	0	13	0	1
fsh-generated/resources/StructureDefinition-mii-pr-kardio-atherosklerotisches-erstereignis.json	5785	4	0	71	0	0	0	0	0	59	0	0	1	0	0	0	0	1	0	0	0	372	172557	0	0	0	0	16	0	1
fsh-generated/resources/StructureDefinition-mii-pr-kardio-device.json	3534	2	0	44	0	0	0	0	0	28	0	0	0	0	0	0	0	1	0	0	0	188	516	0	0	0	0	8	0	1
fsh-generated/resources/StructureDefinition-mii-pr-kardio-diagnose-prozedur-nein-unbekannt.json	7057	3	0	73	0	0	0	0	0	51	0	0	0	0	0	0	0	1	0	0	0	360	1006	0	0	0	0	20	1	1
fsh-generated/resources/StructureDefinition-mii-pr-kardio-diagnose.json	8619	4	0	190	0	0	0	0	1	72	0	0	1	0	0	0	0	3	0	0	0	613	159085	0	0	0	0	23	0	3
fsh-generated/resources/StructureDefinition-mii-pr-kardio-ekg-annotation.json	3870	2	0	35	1	0	0	0	0	35	0	0	0	0	0	0	0	0	0	0	0	197	1327	0	0	0	0	8	0	1
fsh-generated/resources/StructureDefinition-mii-pr-kardio-ekg-durchfuehrung.json	6859	3	0	120592	0	0	0	0	0	45	0	0	0	0	0	0	0	2	0	0	0	398	874	0	0	0	0	15	0	1
fsh-generated/resources/StructureDefinition-mii-pr-kardio-ekg-geraet.json	2193	1	0	27	0	0	0	0	0	25	0	0	0	0	0	0	0	0	0	0	0	184	443	0	0	1	0	7	0	1
fsh-generated/resources/StructureDefinition-mii-pr-kardio-ekg-geraetedefinition.json	1293	2	0	17	0	0	0	0	0	15	0	0	0	0	0	0	0	1	0	0	0	138	366	0	0	0	0	5	1	0
fsh-generated/resources/StructureDefinition-mii-pr-kardio-ekg-kanal.json	5351	2	0	38	0	0	0	0	0	70	0	0	0	0	0	0	0	1	0	0	0	276	594	0	0	0	0	10	0	1
fsh-generated/resources/StructureDefinition-mii-pr-kardio-ekg-referenz.json	2920	2	0	35	0	0	0	0	0	48	0	0	1	0	0	0	0	0	0	0	0	202	463	0	0	0	0	8	0	1
fsh-generated/resources/StructureDefinition-mii-pr-kardio-geraeteprogrammierung.json	4589	2	0	35	0	0	0	0	0	55	0	0	0	0	0	0	0	1	0	0	0	255	1208	0	0	0	0	10	0	1
fsh-generated/resources/StructureDefinition-mii-pr-kardio-kardiale-deviceimplantation.json	9517	3	0	187768	0	0	0	0	0	135	0	0	0	0	0	0	0	1	0	0	0	416	786	0	0	0	0	17	0	2
fsh-generated/resources/StructureDefinition-mii-pr-kardio-klappenvitium.json	6365	3	0	152904	0	0	0	0	0	55	0	0	0	0	0	0	0	3	0	0	0	560	122248	0	0	0	0	21	0	3
fsh-generated/resources/StructureDefinition-mii-pr-kardio-linksventrikulaere-ejektionsfraktion.json	11172	4	0	38	0	0	0	0	0	54	0	0	1	0	0	0	0	1	0	0	0	500	60836	0	0	0	0	17	1	1
fsh-generated/resources/StructureDefinition-mii-pr-kardio-nbg-schrittmachermodus.json	2552	2	0	11	0	0	0	0	0	20	0	0	0	0	0	0	0	0	0	0	0	117	201	0	0	0	0	4	0	1
fsh-generated/resources/StructureDefinition-mii-pr-kardio-observation-rauchen.json	11734	7	0	37	0	0	0	0	0	72	0	0	0	0	0	0	0	2	0	0	0	557	2348	0	0	0	0	20	0	1
fsh-generated/resources/StructureDefinition-mii-pr-kardio-score-modifizierte-rankin-skala.json	4230	3	0	26	1	0	0	0	1	30	0	0	0	0	0	0	0	0	0	0	0	263	503	0	0	0	0	16	0	1
fsh-generated/resources/StructureDefinition-mii-pr-kardio-score-nyha.json	4155	2	0	23	0	0	0	0	0	33	0	0	0	0	0	0	0	1	0	0	0	262	60647	0	0	0	0	11	0	1
fsh-generated/resources/ValueSet-mii-vs-kardio-allergene-snomedct.json	5926	3	0	0	0	0	0	0	0	37890	0	0	0	0	0	0	0	0	0	0	0	30	60535	0	0	0	0	1	0	0
fsh-generated/resources/ValueSet-mii-vs-kardio-atherosklerotisches-ereignis-snomedct.json	2639	1	0	0	0	0	0	0	1	3033	0	0	0	0	0	0	0	0	0	0	0	20	84	0	0	0	0	1	0	0
fsh-generated/resources/ValueSet-mii-vs-kardio-ekg-kanaele-mdc.json	987	1	1	0	0	0	0	0	0	773	0	0	0	0	0	0	0	0	0	0	0	13	499	0	0	0	0	0	0	0
fsh-generated/resources/ValueSet-mii-vs-kardio-ekg-prozedur-snomedct.json	947	1	0	0	0	0	0	0	0	372	0	0	0	0	0	0	0	0	0	0	0	14	54444	0	0	0	0	0	0	0
fsh-generated/resources/ValueSet-mii-vs-kardio-ethnie-snomedct.json	1032	0	0	0	0	0	0	0	0	27507	0	0	1	0	0	0	0	0	0	0	0	13	36039	0	0	0	0	0	0	0
fsh-generated/resources/ValueSet-mii-vs-kardio-extended-condition-severity-snomedct.json	1199	1	0	0	0	0	0	0	0	28363	0	0	0	0	0	0	0	0	0	0	0	14	64	0	0	0	0	0	0	0
fsh-generated/resources/ValueSet-mii-vs-kardio-extended-mii-diagnosecodes-snomed.json	1775	2	0	0	0	0	0	0	1	29365	0	0	0	0	0	0	0	0	0	0	0	16	61833	0	0	0	0	1	0	0
fsh-generated/resources/ValueSet-mii-vs-kardio-geraeteprogrammierung-mdc.json	1338	1	0	0	0	0	0	0	0	383	0	0	0	0	0	0	0	0	0	0	0	14	90	0	0	0	0	0	0	0
fsh-generated/resources/ValueSet-mii-vs-kardio-geraetetyp-snomedct.json	1651	1	0	0	0	0	0	0	0	1135	0	0	0	0	0	0	0	0	0	0	0	15	60334	0	0	0	0	0	0	0
fsh-generated/resources/ValueSet-mii-vs-kardio-gewichtsveraenderung-snomedct.json	1377	0	0	0	0	0	0	0	0	29395	0	0	0	0	0	0	0	0	0	0	0	14	35325	0	0	0	0	0	0	0
fsh-generated/resources/ValueSet-mii-vs-kardio-kardiale-deviceimplantation-koerperstelle-snomedct.json	1342	2	0	0	0	0	0	0	0	29089	0	0	0	0	0	0	0	0	0	0	0	14	27345	0	0	0	0	1	0	0
fsh-generated/resources/ValueSet-mii-vs-kardio-kardiale-deviceimplantation-ops.json	1709	2	0	0	0	0	0	0	1	817	0	0	0	0	0	0	0	0	0	0	0	18	497	0	0	0	0	0	0	0
fsh-generated/resources/ValueSet-mii-vs-kardio-kardiale-deviceimplantation-scnomedct.json	2155	1	0	0	0	0	0	0	0	1950	0	0	0	0	0	0	0	0	0	0	0	17	60338	0	0	0	0	0	0	0
fsh-generated/resources/ValueSet-mii-vs-kardio-klappenvitium-alphaid.json	2995	1	0	0	0	0	0	0	0	3457	0	0	0	0	0	0	0	0	0	0	0	22	88	0	0	0	0	1	0	0
fsh-generated/resources/ValueSet-mii-vs-kardio-klappenvitium-grad-snomedct.json	1203	1	0	0	0	0	0	0	0	780	0	0	0	0	0	0	0	0	0	0	0	15	55	0	0	0	0	0	0	0
fsh-generated/resources/ValueSet-mii-vs-kardio-klappenvitium-icd.json	2727	1	0	0	0	0	0	0	1	3445	0	0	0	0	0	0	0	0	0	0	0	22	76	0	0	0	0	0	0	0
fsh-generated/resources/ValueSet-mii-vs-kardio-klappenvitium-snomedct.json	1558	1	0	0	0	0	0	0	0	29496	0	0	0	0	0	0	0	0	0	0	0	17	1495	0	0	0	0	0	0	0
fsh-generated/resources/ValueSet-mii-vs-kardio-lebensmittelpunkt-m49.json	1536	1	0	0	0	0	0	0	0	368	0	0	0	0	0	0	0	1	0	0	0	17	456	0	0	0	0	1	0	0
fsh-generated/resources/ValueSet-mii-vs-kardio-metriken-ekg-annotationen-mdc.json	1207	1	0	0	0	0	0	0	0	804	0	0	0	0	0	0	0	0	0	0	0	15	97	0	0	0	0	0	0	0
fsh-generated/resources/ValueSet-mii-vs-kardio-modifizierte-rankin-skala.json	929	1	0	0	0	0	0	0	0	1	0	0	0	0	0	0	0	0	0	0	0	14	39	0	0	0	0	0	0	0
fsh-generated/resources/ValueSet-mii-vs-kardio-nein-unbekannt.json	1103	1	0	0	0	0	0	0	1	3	0	0	0	0	0	0	0	0	0	0	0	16	42	0	0	0	0	0	0	0
fsh-generated/resources/ValueSet-mii-vs-kardio-nyha-klassen-snomedct.json	1252	0	0	0	0	0	0	0	0	392	0	0	0	0	0	0	0	0	0	0	0	14	40	0	0	0	0	1	0	0
fsh-generated/resources/ValueSet-mii-vs-kardio-objekte-geraete-mdc.json	956	1	0	0	0	0	0	0	0	395	0	0	0	0	0	0	0	0	0	0	0	15	522	0	0	0	0	0	0	0
input/resources/Parameters-mii-param-kardio-manifest.json	861	1	0	0	0	0	0	0	0	0	0	0	0	0	0	0	0	0	0	0	0	17	775	0	0	0	0	0	0	0
/fsh-generated/includes/menu.xml	2874	-	-	-	0	0	0	0	0	0	0	0	0	0	0	0	0	0	0	0	0	0	0	0	0	0	0	0	0	0
/fsh-generated/includes/fsh-link-references.md	7581	-	-	-	0	0	0	0	0	0	0	0	0	0	0	0	0	0	0	0	0	0	1	0	0	0	0	0	0	0
/input/pagecontent/module-description.md	7977	-	-	-	0	0	0	0	0	0	0	0	0	0	0	0	0	0	0	0	0	0	1	0	0	0	0	0	0	0
/input/pagecontent/scenarios.md	2843	-	-	-	0	0	0	0	0	0	0	0	0	0	0	0	0	0	0	0	0	0	0	0	0	0	0	0	0	0
/input/pagecontent/references.md	3416	-	-	-	0	0	0	0	0	0	0	0	0	0	0	0	0	0	0	0	0	0	0	0	0	0	0	0	0	0
/input/pagecontent/index.md	3185	-	-	-	0	0	0	0	0	0	0	0	0	0	0	0	0	0	0	0	0	0	1	0	0	0	0	0	0	0
/input/pagecontent/profiles-anamnese.md	4249	-	-	-	0	0	0	0	0	0	0	0	0	0	0	0	0	0	0	0	0	0	0	0	0	0	0	0	0	0
/input/pagecontent/profiles-risikofaktoren.md	1360	-	-	-	0	0	0	0	0	0	0	0	0	0	0	0	0	0	0	0	0	0	0	0	0	0	0	0	0	0
/input/pagecontent/release-notes.md	3181	-	-	-	0	0	0	0	0	0	0	0	0	0	0	0	0	0	0	0	0	0	1	0	0	0	0	0	0	0
/input/pagecontent/profiles-kardiodevices.md	2412	-	-	-	0	0	0	0	0	0	0	0	0	0	0	0	0	0	0	0	0	0	0	0	0	0	0	0	0	0
/input/pagecontent/profiles-ekg.md	3854	-	-	-	0	0	0	0	0	0	0	0	0	0	0	0	0	0	0	0	0	0	0	0	0	0	0	0	0	0
/input/pagecontent/terminology.md	365	-	-	-	0	0	0	0	0	0	0	0	0	0	0	0	0	0	0	0	0	0	1	0	0	0	0	0	0	0
/input/pagecontent/profiles-overview.md	131	-	-	-	0	0	0	0	0	0	0	0	0	0	0	0	0	0	0	0	0	0	0	0	0	0	0	0	0	0
/input/pagecontent/profiles-diagnostik.md	1100	-	-	-	0	0	0	0	0	0	0	0	0	0	0	0	0	0	0	0	0	0	0	0	0	0	0	0	0	0
/input/pagecontent/datasets.md	9162	-	-	-	0	0	0	0	0	0	0	0	0	0	0	0	0	0	0	0	0	0	1	0	0	0	0	0	0	0
/input/pagecontent/context.md	3303	-	-	-	0	0	0	0	0	0	0	0	0	0	0	0	0	0	0	0	0	0	0	0	0	0	0	0	0	0
/input/pagecontent/information-model.md	1242	-	-	-	0	0	0	0	0	0	0	0	0	0	0	0	0	0	0	0	0	0	0	0	0	0	0	0	0	0
/input/pagecontent/storage/capability.md	7311	-	-	-	0	0	0	0	0	0	0	0	0	0	0	0	0	0	0	0	0	0	1	0	0	0	0	0	0	0
/input/pagecontent/profiles-skalen.md	1431	-	-	-	0	0	0	0	0	0	0	0	0	0	0	0	0	0	0	0	0	0	0	0	0	0	0	0	0	0
/template/config	0	-	-	-	0	0	0	0	0	0	0	0	0	0	0	0	0	0	0	0	0	0	1	0	0	0	0	0	0	0
/template/config/_config.yml	140	-	-	-	0	0	0	0	0	0	0	0	0	0	0	0	0	0	0	0	0	0	0	0	0	0	0	0	0	0
/input/images	0	-	-	-	0	0	0	0	0	0	0	0	0	0	0	0	0	0	0	0	0	0	0	0	0	0	0	0	0	0
/input/images/Klassendiagramm.svg	138827	-	-	-	0	0	0	0	0	0	0	0	0	0	0	0	0	0	0	0	0	0	0	0	0	0	0	0	0	0
/input/images/Kerndatensatz.png	157636	-	-	-	0	0	0	0	0	0	0	0	0	0	0	0	0	0	0	0	0	0	0	0	0	0	0	0	0	0
/temp/pages/_includes/artifacts.xml	53871	-	-	-	-	-	-	-	-	-	-	-	-	-	-	-	-	-	-	-	-	-	4	0	0	0	0	0	0	0
